iter	RMSE
0	18.57410874
1	18.24109625
2	17.92169335
3	17.61519893
4	17.32220822
5	17.04112098
6	16.77198374
7	16.51402065
8	16.26658366
9	16.02814569
10	15.80022549
11	15.57942621
12	15.36874724
13	15.16907864
14	14.97680014
15	14.77875708
16	14.59362706
17	14.41550616
18	14.23978806
19	14.07477565
20	13.91785566
21	13.76298363
22	13.61324382
23	13.47101668
24	13.33266122
25	13.20225933
26	13.07651852
27	12.95431136
28	12.83923115
29	12.72827056
30	12.62711335
